{"auc_score": 0.6036825434415797, "precision": [0.3795731707317073, 0.627906976744186, 1.0], "_timestamp": 1698922267.445207, "_runtime": 5.866535186767578, "_step": 1, "_wandb": {"runtime": 6}}